iteration,sign_init_ns,sign_ns,verify_ns,total_ns
0,3521,1583652,277049,1864222
1,3362,1588288,276872,1868522
2,3146,1588130,278352,1869628
3,4111,1974681,281831,2260623
4,5986,1967279,272166,2245431
5,5616,1933024,271583,2210223
6,4662,1676763,271470,1952895
7,3110,1629706,269938,1902754
8,4238,1678031,273050,1955319
9,3106,1522612,279436,1805154
10,2595,1477842,279265,1759702
11,3188,1520223,269671,1793082
12,3225,1663656,271446,1938327
13,3896,1715506,279252,1998654
14,3206,1611027,271574,1885807
15,2985,1527976,272786,1803747
16,3694,1536222,274947,1814863
17,2863,1506373,264749,1773985
18,2712,1464363,262173,1729248
19,2897,1696131,261300,1960328
20,3379,1619417,265192,1887988
21,2881,1620716,263627,1887224
22,3843,1894099,258659,2156601
23,4322,1760228,261826,2026376
24,4759,1745763,262257,2012779
25,3558,1984468,268136,2256162
26,4542,2120733,266764,2392039
27,5809,1996087,270522,2272418
28,6230,2172484,274769,2453483
29,5219,2331507,268488,2605214
30,5317,1970968,268051,2244336
31,4715,1960881,271392,2236988
32,5460,1759749,267811,2033020
33,4756,1748509,264004,2017269
34,3551,1879856,263326,2146733
35,3487,1922796,265799,2192082
36,3911,2080612,270537,2355060
37,5737,2075423,284959,2366119
38,6141,2447169,164673,2617983
39,6801,1796400,145603,1948804
40,4505,1441614,142840,1588959
41,2951,1325633,145939,1474523
42,3171,1204096,141149,1348416
43,3004,1308225,155498,1466727
44,3999,1817504,200282,2021785
45,6615,2164583,276493,2447691
46,5140,1735910,294726,2035776
47,8898,1914847,279660,2203405
48,4149,1796023,283576,2083748
49,3203,1803989,270710,2077902
50,4379,1911649,261428,2177456
51,4189,1999274,285237,2288700
52,7237,2304271,266989,2578497
53,5668,2209980,282937,2498585
54,6671,2126506,262631,2395808
55,5987,2255063,278340,2539390
56,6222,1865831,278819,2150872
57,4630,1885949,156556,2047135
58,4424,1665335,286484,1956243
59,5980,1777231,274853,2058064
60,5823,2476054,285592,2767469
61,5558,2467908,272517,2745983
62,4846,2264760,160324,2429930
63,4284,1903912,230492,2138688
64,5112,1951437,232914,2189463
65,3919,1830860,167742,2002521
66,7945,2419667,284301,2711913
67,7730,2546112,294228,2848070
68,7188,2668253,311406,2986847
69,6540,2354443,275241,2636224
70,6476,2366249,275965,2648690
71,6131,1690896,270351,1967378
72,4481,2080676,277459,2362616
73,6104,2370958,272925,2649987
74,6395,2329804,289199,2625398
75,6229,2102669,273872,2382770
76,6372,2430144,281997,2718513
77,5162,2267840,271022,2544024
78,4771,1956930,277018,2238719
79,7597,2480002,283297,2770896
80,8662,2829817,286070,3124549
81,6417,2208844,297619,2512880
82,5378,2184780,267681,2457839
83,5594,2227513,274878,2507985
84,5977,2486535,275335,2767847
85,5120,2348005,284144,2637269
86,8297,2009416,288107,2305820
87,6221,1843967,165050,2015238
88,5748,1873395,168830,2047973
89,4203,2289472,284230,2577905
90,7438,2551807,278608,2837853
91,8392,2620450,289890,2918732
92,9541,2724938,262803,2997282
93,8919,2753502,224431,2986852
94,9497,5631903,288015,5929415
95,7970,3236374,288923,3533267
96,8593,3006337,311108,3326038
97,11697,3358583,306774,3677054
98,16440,3486940,331631,3835011
99,10410,2792990,169338,2972738
100,7908,2013129,169095,2190132
101,5954,2990763,335276,3331993
102,19017,3181647,304664,3505328
103,7808,2863065,167382,3038255
104,7733,3242058,168996,3418787
105,7678,3423668,284520,3715866
106,9619,2916010,351892,3277521
107,11855,3269082,231240,3512177
108,8405,3046771,172403,3227579
109,7830,2795879,265718,3069427
110,8879,2868821,236074,3113774
111,7545,2813598,235890,3057033
112,8122,2800817,247938,3056877
113,7144,3096725,228411,3332280
114,7286,2928079,308241,3243606
115,7782,2320184,303582,2631548
116,5954,2639706,303813,2949473
117,6706,2562984,360924,2930614
118,10135,3256026,310607,3576768
119,10886,2987684,335727,3334297
120,11513,2892914,292693,3197120
121,8905,2668162,298827,2975894
122,7393,3175831,302181,3485405
123,8652,2554945,306251,2869848
124,9125,2967131,321853,3298109
125,9542,3170303,299028,3478873
126,7747,2877727,301155,3186629
127,9349,2688896,172859,2871104
128,7455,3040513,260942,3308910
129,7927,3230506,173956,3412389
130,6259,3078791,165784,3250834
131,5584,2782787,170371,2958742
132,4348,2330042,305484,2639874
133,5745,3231895,169858,3407498
134,5308,3252244,231663,3489215
135,6496,3176645,165458,3348599
136,6029,2462992,178697,2647718
137,5586,2578019,235509,2819114
138,7288,3404890,175070,3587248
139,7137,3017616,301124,3325877
140,8782,3298958,326228,3633968
141,9246,3525806,363448,3898500
142,9943,3332967,334565,3677475
143,9831,3222642,312260,3544733
144,8145,2913993,315258,3237396
145,7837,3221938,310734,3540509
146,8071,2631914,313446,2953431
147,6908,2775029,319069,3101006
148,9892,3117840,315529,3443261
149,8565,2909996,324014,3242575
150,8706,2620478,326809,2955993
151,7445,2276916,305221,2589582
152,5359,2088329,316090,2409778
153,4712,2645463,354128,3004303
154,29819,2979940,312247,3322006
155,7839,3686219,338295,4032353
156,6086,2475168,344468,2825722
157,5570,2452770,382318,2840658
158,6048,2302174,337641,2645863
159,7947,2581757,301268,2890972
160,8318,3252731,322170,3583219
161,8651,2769351,305404,3083406
162,7324,2764581,320234,3092139
163,6021,2656674,293976,2956671
164,6347,2790731,304617,3101695
165,8385,2916071,293109,3217565
166,5660,2703746,305442,3014848
167,6455,2473408,323203,2803066
168,6950,2624762,299717,2931429
169,5643,2559852,311268,2876763
170,7469,3395254,320811,3723534
171,8594,3226626,327791,3563011
172,6852,2839156,332346,3178354
173,5936,2264293,333968,2604197
174,5935,2564888,303936,2874759
175,8364,2981882,166834,3157080
176,6793,2282278,312611,2601682
177,8475,3054817,306689,3369981
178,9322,2746310,299309,3054941
179,6371,3007477,352523,3366371
180,12262,3418115,379218,3809595
181,9537,4674484,302429,4986450
182,9009,2862923,294851,3166783
183,6444,2842227,310262,3158933
184,6595,2496228,397249,2900072
185,26432,3073967,306537,3406936
186,9129,4059875,342273,4411277
187,10361,2867321,352813,3230495
188,17455,2755397,376426,3149278
189,6364,3127142,346409,3479915
190,8831,3217611,318988,3545430
191,5932,3323909,320922,3650763
192,7468,2952292,334592,3294352
193,19502,2698864,303803,3022169
194,7609,2637379,318037,2963025
195,8677,3369829,322438,3700944
196,17347,3006596,287565,3311508
197,8289,2909357,167120,3084766
198,5548,2115083,164903,2285534
199,5607,2473572,167387,2646566
